timestamp,temperature,humidity,wind_speed,precipitation,air_pressure
2023-01-01 00:00:00,90.0,21.7,4.4,0.0,1011.9
2023-01-01 01:00:00,83.6,17.3,0.7,0.0,1011.9
2023-01-01 02:00:00,91.5,54.6,2.2,0.0,1042.6
2023-01-01 03:00:00,100.2,59.5,6.8,0.3,992.2
2023-01-01 04:00:00,82.7,12.2,16.1,0.0,1020.6
2023-01-01 05:00:00,82.7,75.5,11.4,2.0,1035.3
2023-01-01 06:00:00,100.8,13.6,10.3,0.0,1047.1
2023-01-01 07:00:00,92.7,47.9,5.9,0.0,1006.9
2023-01-01 08:00:00,80.3,59.6,18.6,0.0,1020.4
2023-01-01 09:00:00,90.4,71.0,7.9,0.0,1021.5
2023-01-01 10:00:00,80.4,60.0,1.7,0.0,1015.9
2023-01-01 11:00:00,80.3,66.1,12.3,0.0,1011.5
2023-01-01 12:00:00,87.4,33.8,2.3,0.0,1019.5
2023-01-01 13:00:00,65.9,67.0,6.9,0.0,975.0
2023-01-01 14:00:00,67.8,15.6,10.1,0.1,1023.2
2023-01-01 15:00:00,79.4,72.6,17.5,0.0,1014.9
2023-01-01 16:00:00,74.9,48.3,9.9,0.1,1009.7
2023-01-01 17:00:00,88.1,67.2,14.0,0.0,1043.7
2023-01-01 18:00:00,75.9,41.7,19.9,0.0,1002.9
2023-01-01 19:00:00,70.9,55.1,2.6,0.0,1007.0
2023-01-01 20:00:00,99.7,46.8,5.5,0.0,1042.9
2023-01-01 21:00:00,82.7,61.2,7.9,0.0,1000.5
2023-01-01 22:00:00,85.7,15.7,8.4,0.3,1004.7
2023-01-01 23:00:00,70.8,14.2,8.2,0.1,1010.8
2023-01-02 00:00:00,79.6,27.3,18.2,0.0,1025.6
2023-01-02 01:00:00,86.1,21.2,14.3,0.0,1016.1
2023-01-02 02:00:00,73.5,71.0,12.2,0.1,993.6
2023-01-02 03:00:00,88.8,25.3,6.2,0.0,1005.0
2023-01-02 04:00:00,79.0,78.3,16.5,0.1,1003.9
2023-01-02 05:00:00,82.1,33.6,19.1,0.1,1011.8
2023-01-02 06:00:00,79.0,22.7,16.4,0.3,1019.4
2023-01-02 07:00:00,103.5,65.3,0.0,0.0,1019.3
2023-01-02 08:00:00,84.9,56.1,12.7,0.0,986.4
2023-01-02 09:00:00,74.4,44.9,1.0,0.0,1029.0
2023-01-02 10:00:00,93.2,48.9,5.2,0.0,1016.8
2023-01-02 11:00:00,72.8,60.3,1.2,0.1,1033.8
2023-01-02 12:00:00,87.1,26.0,12.1,0.0,1019.7
2023-01-02 13:00:00,65.4,79.7,13.7,0.0,1029.5
2023-01-02 14:00:00,71.7,78.2,2.3,0.5,1020.0
2023-01-02 15:00:00,87.0,55.5,7.7,0.1,1033.2
2023-01-02 16:00:00,92.4,24.0,9.1,0.5,1020.8
2023-01-02 17:00:00,86.7,57.6,7.4,0.1,1011.5
2023-01-02 18:00:00,83.8,15.1,2.4,0.0,1047.1
2023-01-02 19:00:00,82.0,12.1,8.4,0.0,1026.3
2023-01-02 20:00:00,70.2,28.0,15.0,0.5,1021.6
2023-01-02 21:00:00,77.8,42.4,1.4,0.0,993.9
2023-01-02 22:00:00,80.4,70.8,1.6,0.0,993.7
2023-01-02 23:00:00,95.6,60.9,7.1,0.0,1017.4
2023-01-03 00:00:00,88.4,62.0,18.8,0.0,1015.2
2023-01-03 01:00:00,67.4,39.8,13.4,0.1,1003.8
2023-01-03 02:00:00,88.2,34.2,13.6,0.0,1015.1
2023-01-03 03:00:00,81.1,36.0,7.2,0.0,1036.8
2023-01-03 04:00:00,78.2,79.1,11.9,0.0,1023.4
2023-01-03 05:00:00,91.1,12.8,0.2,0.0,995.9
2023-01-03 06:00:00,95.3,70.7,12.7,0.0,1011.3
2023-01-03 07:00:00,94.3,50.5,18.3,0.0,1000.9
2023-01-03 08:00:00,76.6,40.7,12.3,0.5,1007.2
2023-01-03 09:00:00,81.9,60.8,17.5,0.0,1006.8
2023-01-03 10:00:00,88.3,44.1,14.5,0.0,1005.8
2023-01-03 11:00:00,94.8,71.1,2.4,0.0,994.2
2023-01-03 12:00:00,80.2,73.0,18.0,0.0,1011.1
2023-01-03 13:00:00,83.1,39.5,1.3,0.0,1004.6
2023-01-03 14:00:00,73.9,29.4,10.7,0.3,969.1
2023-01-03 15:00:00,73.0,51.5,2.8,0.0,1043.8
2023-01-03 16:00:00,93.1,73.9,0.2,0.1,1029.3
2023-01-03 17:00:00,98.6,24.7,8.4,0.0,1007.4
2023-01-03 18:00:00,84.3,53.6,5.9,0.0,1013.3
2023-01-03 19:00:00,95.0,54.2,9.7,0.0,995.4
2023-01-03 20:00:00,88.6,61.3,11.5,0.5,1038.4
2023-01-03 21:00:00,78.5,19.2,0.9,0.0,1041.5
2023-01-03 22:00:00,88.6,60.1,2.5,0.0,1015.4
2023-01-03 23:00:00,100.4,73.6,11.2,0.0,1028.4
2023-01-04 00:00:00,84.6,22.6,6.9,0.0,1015.6
2023-01-04 01:00:00,100.6,26.6,14.6,0.0,992.9
2023-01-04 02:00:00,58.8,78.0,13.0,0.0,1006.8
2023-01-04 03:00:00,93.2,22.7,16.9,0.0,1015.0
2023-01-04 04:00:00,85.9,69.8,13.8,0.0,1006.2
2023-01-04 05:00:00,82.0,44.5,8.6,0.0,1009.7
2023-01-04 06:00:00,85.9,27.3,13.5,0.3,1011.6
2023-01-04 07:00:00,65.1,71.0,5.5,0.1,1011.8
2023-01-04 08:00:00,82.8,41.2,6.1,0.1,1013.8
2023-01-04 09:00:00,88.6,46.0,15.8,0.0,997.1
2023-01-04 10:00:00,99.8,35.1,8.9,0.0,1002.2
2023-01-04 11:00:00,79.8,51.5,16.0,0.0,993.7
2023-01-04 12:00:00,76.9,21.4,16.4,0.0,1027.7
2023-01-04 13:00:00,80.0,37.4,17.2,0.0,981.4
2023-01-04 14:00:00,94.2,77.9,18.3,0.0,1030.3
2023-01-04 15:00:00,88.3,28.1,8.6,0.0,1033.8
2023-01-04 16:00:00,79.7,56.0,6.4,0.0,1008.5
2023-01-04 17:00:00,90.1,32.8,11.6,0.3,974.0
2023-01-04 18:00:00,86.0,64.1,7.4,0.0,1007.6
2023-01-04 19:00:00,94.7,19.2,12.0,0.0,1012.0
2023-01-04 20:00:00,78.0,77.9,14.1,0.0,997.8
2023-01-04 21:00:00,81.7,41.8,13.8,0.0,1005.3
2023-01-04 22:00:00,81.1,26.5,7.5,0.0,1036.0
2023-01-04 23:00:00,70.4,15.1,3.3,0.5,1023.0
2023-01-05 00:00:00,88.0,21.9,8.6,0.5,999.1
2023-01-05 01:00:00,87.6,46.4,2.9,0.0,989.0
2023-01-05 02:00:00,85.1,33.6,17.8,0.5,1008.1
2023-01-05 03:00:00,82.7,68.0,6.9,2.0,1009.8
2023-01-05 04:00:00,70.8,40.2,3.1,0.3,1020.4
2023-01-05 05:00:00,80.8,27.4,0.5,0.3,1005.0
2023-01-05 06:00:00,81.6,53.2,12.9,0.0,1020.7
2023-01-05 07:00:00,77.0,59.5,12.7,0.0,1042.0
2023-01-05 08:00:00,83.4,21.7,6.8,0.0,1025.2
2023-01-05 09:00:00,89.0,21.7,1.4,0.0,1012.3
2023-01-05 10:00:00,103.9,12.6,8.2,2.0,1010.3
2023-01-05 11:00:00,86.7,61.5,6.2,0.0,1007.6
2023-01-05 12:00:00,87.6,56.5,13.5,0.1,1030.7
2023-01-05 13:00:00,84.3,43.2,12.1,0.3,1003.6
2023-01-05 14:00:00,65.8,69.1,7.3,0.3,1013.7
2023-01-05 15:00:00,84.7,66.4,4.4,2.0,1013.8
2023-01-05 16:00:00,85.6,51.0,19.8,0.0,1005.5
2023-01-05 17:00:00,109.6,70.8,9.1,0.0,992.4
2023-01-05 18:00:00,83.1,24.4,13.8,0.0,1017.8
2023-01-05 19:00:00,88.0,17.8,2.8,0.0,1012.1
2023-01-05 20:00:00,84.7,28.9,9.7,0.0,1020.5
2023-01-05 21:00:00,73.3,14.0,0.6,0.0,1005.0
2023-01-05 22:00:00,96.4,47.2,10.1,0.1,1031.3
2023-01-05 23:00:00,92.5,75.6,19.3,0.0,999.8
2023-01-06 00:00:00,92.9,12.8,7.7,0.0,1038.7
2023-01-06 01:00:00,75.9,18.5,0.8,0.0,986.8
2023-01-06 02:00:00,99.0,41.7,0.6,0.0,1019.5
2023-01-06 03:00:00,71.0,75.4,7.8,0.0,1020.1
2023-01-06 04:00:00,90.9,32.1,3.2,0.1,1001.1
2023-01-06 05:00:00,106.9,45.5,0.5,0.0,1019.4
2023-01-06 06:00:00,75.1,12.9,15.1,0.1,1032.2
2023-01-06 07:00:00,79.3,20.4,9.2,0.0,979.7
2023-01-06 08:00:00,86.0,79.1,5.8,0.3,1020.5
2023-01-06 09:00:00,80.0,77.6,18.0,0.0,975.6
2023-01-06 10:00:00,69.5,10.3,2.3,0.0,998.5
2023-01-06 11:00:00,85.7,76.6,19.1,0.0,1037.4
2023-01-06 12:00:00,74.4,54.7,6.3,0.3,1004.3
2023-01-06 13:00:00,89.7,70.8,17.8,0.0,995.4
2023-01-06 14:00:00,75.8,41.8,12.1,0.0,1010.0
2023-01-06 15:00:00,100.5,46.1,16.5,2.0,1044.0
2023-01-06 16:00:00,77.2,44.2,19.7,0.1,985.5
2023-01-06 17:00:00,81.8,56.7,5.8,0.0,997.2
2023-01-06 18:00:00,93.1,19.8,19.2,0.1,1035.5
2023-01-06 19:00:00,72.7,12.1,7.8,0.0,1040.9
2023-01-06 20:00:00,87.3,31.6,7.7,0.0,1011.4
2023-01-06 21:00:00,98.1,59.3,6.8,0.0,994.4
2023-01-06 22:00:00,68.9,24.1,10.8,0.5,1044.4
2023-01-06 23:00:00,86.8,57.1,3.1,0.5,1036.9
2023-01-07 00:00:00,87.6,77.9,11.1,0.0,1023.2
2023-01-07 01:00:00,92.8,16.6,10.8,0.0,1000.8
2023-01-07 02:00:00,72.6,57.1,15.2,0.0,1012.3
2023-01-07 03:00:00,71.8,41.1,16.7,2.0,1010.6
2023-01-07 04:00:00,90.2,70.8,8.8,2.0,1018.0
2023-01-07 05:00:00,88.0,22.4,6.0,0.0,1034.8
2023-01-07 06:00:00,87.5,58.5,5.2,0.3,1026.2
2023-01-07 07:00:00,88.5,68.7,3.9,0.1,996.8
2023-01-07 08:00:00,78.2,76.1,1.2,0.0,1033.6
2023-01-07 09:00:00,87.3,57.8,6.8,0.0,1017.7
2023-01-07 10:00:00,87.9,44.8,5.4,0.0,1023.3
2023-01-07 11:00:00,77.9,53.2,19.3,0.0,1035.0
2023-01-07 12:00:00,103.7,70.8,11.2,0.0,996.3
2023-01-07 13:00:00,89.7,49.9,6.9,0.0,1012.5
2023-01-07 14:00:00,73.1,12.1,11.6,0.5,1005.0
2023-01-07 15:00:00,91.6,75.2,2.8,0.0,989.5
2023-01-07 16:00:00,75.3,58.3,8.9,0.0,1018.2
2023-01-07 17:00:00,92.9,57.4,12.5,0.0,1050.7
2023-01-07 18:00:00,96.6,25.1,9.8,0.0,985.4
2023-01-07 19:00:00,76.8,56.1,8.0,0.0,1012.5
2023-01-07 20:00:00,94.6,37.6,19.9,0.0,1022.6
2023-01-07 21:00:00,89.1,55.6,17.6,0.0,1014.8
2023-01-07 22:00:00,93.2,17.5,12.5,0.0,1011.3
2023-01-07 23:00:00,104.0,56.0,11.4,0.0,993.5
2023-01-08 00:00:00,82.5,80.0,12.4,0.0,1016.5
2023-01-08 01:00:00,77.5,13.4,4.0,0.1,1001.6
2023-01-08 02:00:00,76.1,78.4,7.9,0.0,980.2
2023-01-08 03:00:00,76.8,38.5,0.8,0.0,1030.9
2023-01-08 04:00:00,84.2,71.0,9.5,0.3,1027.4
2023-01-08 05:00:00,88.4,64.8,10.9,0.0,1013.8
2023-01-08 06:00:00,87.8,49.7,4.6,0.0,1016.4
2023-01-08 07:00:00,93.3,61.7,19.3,0.1,1029.1
2023-01-08 08:00:00,85.1,71.5,18.2,0.0,1016.4
2023-01-08 09:00:00,99.5,38.3,14.4,0.0,1026.6
2023-01-08 10:00:00,82.4,32.9,10.7,0.3,1008.5
2023-01-08 11:00:00,112.2,56.7,17.4,0.3,1032.7
2023-01-08 12:00:00,91.3,66.5,2.6,1.0,1017.8
2023-01-08 13:00:00,76.4,63.4,15.8,0.0,1015.9
2023-01-08 14:00:00,74.3,65.8,2.5,0.0,993.9
2023-01-08 15:00:00,89.8,40.5,15.9,0.0,1017.3
2023-01-08 16:00:00,82.8,67.2,5.5,0.0,1000.5
2023-01-08 17:00:00,92.1,18.4,17.5,0.0,1003.4
2023-01-08 18:00:00,89.7,48.1,18.9,0.0,1000.8
2023-01-08 19:00:00,84.3,10.4,3.0,0.5,997.0
2023-01-08 20:00:00,76.5,32.7,9.3,0.0,1044.9
2023-01-08 21:00:00,69.9,35.7,19.6,0.0,1033.0
2023-01-08 22:00:00,80.5,37.7,9.7,0.0,1041.8
2023-01-08 23:00:00,93.6,58.7,17.3,0.0,994.7
2023-01-09 00:00:00,87.1,37.2,11.8,0.0,1014.1
2023-01-09 01:00:00,72.5,41.4,7.5,0.0,993.6
2023-01-09 02:00:00,86.7,26.6,5.7,0.0,1002.6
2023-01-09 03:00:00,88.9,36.1,4.1,0.0,999.2
2023-01-09 04:00:00,76.2,25.9,15.2,0.5,1031.6
2023-01-09 05:00:00,86.5,15.1,7.7,0.5,1007.1
2023-01-09 06:00:00,85.6,52.2,10.2,0.0,1029.0
2023-01-09 07:00:00,73.6,56.8,9.8,0.0,1022.1
2023-01-09 08:00:00,88.6,53.4,11.5,0.3,1047.6
2023-01-09 09:00:00,90.6,42.4,17.3,0.5,990.8
2023-01-09 10:00:00,95.8,36.6,19.6,0.0,1031.9
2023-01-09 11:00:00,95.5,70.4,8.2,0.1,1030.2
2023-01-09 12:00:00,71.2,46.3,16.6,0.0,998.4
2023-01-09 13:00:00,75.6,43.5,15.3,0.3,1028.1
2023-01-09 14:00:00,90.2,11.8,11.5,2.0,1018.0
2023-01-09 15:00:00,90.1,33.9,19.1,0.0,1009.6
2023-01-09 16:00:00,90.2,36.6,4.0,0.5,1000.6
2023-01-09 17:00:00,123.5,37.9,2.2,0.0,1002.2
2023-01-09 18:00:00,90.7,50.6,17.1,1.0,1043.7
2023-01-09 19:00:00,96.4,47.4,8.8,0.0,1013.0
2023-01-09 20:00:00,94.5,52.6,16.9,0.3,1024.7
2023-01-09 21:00:00,91.5,63.5,17.9,0.0,1001.1
2023-01-09 22:00:00,81.8,66.9,1.2,0.0,1001.3
2023-01-09 23:00:00,92.6,60.3,17.7,0.0,1029.2
2023-01-10 00:00:00,77.3,76.9,9.0,1.0,992.8
2023-01-10 01:00:00,82.6,11.3,10.2,0.3,1006.8
2023-01-10 02:00:00,80.1,23.7,12.5,0.3,1013.5
2023-01-10 03:00:00,85.8,10.5,18.5,0.5,1014.7
2023-01-10 04:00:00,108.1,55.3,0.4,0.0,1010.3
2023-01-10 05:00:00,66.3,72.9,9.5,0.0,1018.9
2023-01-10 06:00:00,91.9,27.0,13.8,0.0,1023.4
2023-01-10 07:00:00,68.9,74.9,14.5,0.0,1024.0
2023-01-10 08:00:00,80.3,14.2,13.9,0.0,998.2
2023-01-10 09:00:00,95.9,75.4,2.7,0.0,1008.7
2023-01-10 10:00:00,85.6,34.6,6.0,0.0,1030.9
2023-01-10 11:00:00,74.2,17.1,7.2,0.0,1026.4
2023-01-10 12:00:00,77.8,44.0,16.1,0.0,992.4
2023-01-10 13:00:00,91.8,28.0,5.6,0.0,1018.3
2023-01-10 14:00:00,77.7,29.9,4.2,1.0,983.3
2023-01-10 15:00:00,87.2,31.5,19.1,0.1,1013.7
2023-01-10 16:00:00,85.5,66.2,0.2,1.0,1041.5
2023-01-10 17:00:00,78.5,47.7,20.0,0.0,998.8
2023-01-10 18:00:00,106.4,31.8,13.5,0.0,1000.5
2023-01-10 19:00:00,91.3,52.7,16.6,0.1,1024.5
2023-01-10 20:00:00,64.7,60.1,5.9,0.0,989.9
2023-01-10 21:00:00,86.9,29.1,0.3,0.0,1003.5
2023-01-10 22:00:00,78.4,38.9,14.8,0.0,1021.9
2023-01-10 23:00:00,93.5,18.5,16.7,0.0,1003.5
2023-01-11 00:00:00,77.1,22.7,14.8,0.0,1009.5
2023-01-11 01:00:00,83.9,57.7,2.9,0.0,1024.2
2023-01-11 02:00:00,90.0,22.7,15.1,0.0,1019.3
2023-01-11 03:00:00,93.7,46.8,15.4,0.0,1017.0
2023-01-11 04:00:00,73.0,59.6,13.2,0.0,1007.9
2023-01-11 05:00:00,81.7,17.5,15.3,0.3,1018.6
2023-01-11 06:00:00,80.3,49.7,16.9,0.0,1011.1
2023-01-11 07:00:00,78.5,28.0,12.3,0.0,1019.9
2023-01-11 08:00:00,102.7,77.4,1.8,0.3,1005.5
2023-01-11 09:00:00,89.0,43.8,9.8,0.0,1010.3
2023-01-11 10:00:00,72.4,66.4,1.6,0.0,998.2
2023-01-11 11:00:00,94.2,48.5,8.2,0.0,1012.5
2023-01-11 12:00:00,106.2,13.0,8.1,0.0,1000.8
2023-01-11 13:00:00,95.3,54.3,1.3,0.0,996.3
2023-01-11 14:00:00,69.8,76.6,7.0,0.3,1016.9
2023-01-11 15:00:00,80.2,52.1,2.2,0.0,1016.2
2023-01-11 16:00:00,97.7,67.3,16.2,0.0,1024.7
2023-01-11 17:00:00,77.9,71.9,19.0,0.0,1006.5
2023-01-11 18:00:00,89.4,26.0,1.4,0.0,1019.1
2023-01-11 19:00:00,92.7,24.8,19.1,0.0,1021.3
2023-01-11 20:00:00,75.7,52.8,10.5,0.0,1019.7
2023-01-11 21:00:00,84.4,38.8,6.0,0.0,1000.6
2023-01-11 22:00:00,52.6,68.8,1.5,0.0,1015.2
2023-01-11 23:00:00,74.8,73.0,10.0,0.0,1018.5
2023-01-12 00:00:00,82.5,34.7,15.9,0.0,1013.1
2023-01-12 01:00:00,72.5,26.6,14.1,0.3,981.7
2023-01-12 02:00:00,101.3,64.6,1.0,0.0,1015.4
2023-01-12 03:00:00,70.7,29.2,1.5,0.0,1046.2
2023-01-12 04:00:00,80.6,67.6,8.1,0.0,1007.6
2023-01-12 05:00:00,86.3,39.7,5.9,0.1,1002.1
2023-01-12 06:00:00,99.4,56.7,4.6,0.0,1018.6
2023-01-12 07:00:00,70.6,16.7,5.6,0.0,1017.7
2023-01-12 08:00:00,96.6,53.7,16.1,0.1,1030.9
2023-01-12 09:00:00,85.1,41.6,18.6,0.3,994.1
2023-01-12 10:00:00,75.2,51.1,8.1,0.0,1024.0
2023-01-12 11:00:00,89.6,21.8,18.1,0.0,1021.9
2023-01-12 12:00:00,87.0,61.6,6.4,0.3,1010.9
2023-01-12 13:00:00,79.0,70.4,9.5,2.0,1018.1
2023-01-12 14:00:00,85.7,25.2,4.5,0.5,1028.4
2023-01-12 15:00:00,81.1,16.7,12.8,0.0,1026.1
2023-01-12 16:00:00,86.1,11.7,19.6,0.0,995.9
2023-01-12 17:00:00,91.6,54.9,12.1,0.0,1025.3
2023-01-12 18:00:00,100.9,52.5,7.2,0.1,1012.0
2023-01-12 19:00:00,72.6,48.3,13.0,0.0,1014.1
2023-01-12 20:00:00,106.3,26.2,2.5,0.0,1014.1
2023-01-12 21:00:00,65.5,37.4,17.8,0.3,1010.7
2023-01-12 22:00:00,83.5,51.6,10.1,0.0,1030.9
2023-01-12 23:00:00,90.9,44.8,9.0,0.3,1011.7
2023-01-13 00:00:00,87.8,79.1,11.7,0.0,996.2
2023-01-13 01:00:00,78.8,19.6,12.5,0.0,1007.1
2023-01-13 02:00:00,82.9,58.7,1.4,0.0,1015.7
2023-01-13 03:00:00,80.1,38.3,13.7,0.1,1031.4
2023-01-13 04:00:00,79.1,40.0,4.8,0.0,1022.0
2023-01-13 05:00:00,93.5,60.2,14.3,0.0,1000.2
2023-01-13 06:00:00,88.6,58.5,16.5,1.0,1050.3
2023-01-13 07:00:00,78.1,79.4,16.1,0.0,1017.0
2023-01-13 08:00:00,94.0,19.0,11.1,0.0,1032.1
2023-01-13 09:00:00,88.1,17.3,10.4,0.0,1010.7
2023-01-13 10:00:00,93.1,60.7,2.9,0.0,1021.0
2023-01-13 11:00:00,91.3,50.5,15.5,0.0,1025.6
2023-01-13 12:00:00,76.7,29.2,5.4,0.0,1031.3
2023-01-13 13:00:00,79.4,15.6,9.9,0.0,1028.9
2023-01-13 14:00:00,92.5,16.0,5.7,0.0,1026.1
2023-01-13 15:00:00,91.1,72.6,2.7,0.0,1008.3
2023-01-13 16:00:00,84.8,23.4,12.6,0.0,1004.4
2023-01-13 17:00:00,86.2,32.6,1.1,0.0,1018.0
2023-01-13 18:00:00,97.8,25.9,15.0,0.0,1027.0
2023-01-13 19:00:00,79.1,34.8,6.4,0.0,1009.7
2023-01-13 20:00:00,90.5,14.9,0.0,0.0,1029.0
2023-01-13 21:00:00,83.0,46.3,10.2,0.0,1034.8
2023-01-13 22:00:00,82.8,14.7,0.9,0.3,999.3
2023-01-13 23:00:00,96.0,66.0,5.5,0.0,1000.4
2023-01-14 00:00:00,93.3,26.4,14.1,0.5,1010.9
2023-01-14 01:00:00,93.1,47.8,1.3,1.0,1017.6
2023-01-14 02:00:00,98.1,71.6,16.8,0.0,1005.1
2023-01-14 03:00:00,85.2,55.6,0.1,0.0,1033.3
2023-01-14 04:00:00,91.8,47.3,4.9,0.0,1019.4
2023-01-14 05:00:00,81.9,32.7,14.8,0.1,1013.6
2023-01-14 06:00:00,88.2,33.3,6.3,0.0,991.5
2023-01-14 07:00:00,83.7,56.9,2.0,0.0,993.3
2023-01-14 08:00:00,86.0,79.6,7.2,0.0,1017.2
2023-01-14 09:00:00,91.0,56.3,5.4,0.3,981.0
2023-01-14 10:00:00,76.8,49.0,16.9,0.1,1028.2
2023-01-14 11:00:00,105.9,61.1,6.3,0.0,1010.6
2023-01-14 12:00:00,74.9,42.6,15.8,0.0,1061.6
2023-01-14 13:00:00,72.9,14.2,17.8,0.0,1047.6
2023-01-14 14:00:00,96.6,49.4,8.7,0.0,1010.3
2023-01-14 15:00:00,92.9,77.0,18.2,0.3,1011.4
2023-01-14 16:00:00,91.2,22.3,7.5,0.0,1027.9
2023-01-14 17:00:00,91.3,58.3,19.3,0.0,1038.5
2023-01-14 18:00:00,84.9,24.1,1.8,0.0,988.4
2023-01-14 19:00:00,76.0,47.5,13.7,0.3,986.2
2023-01-14 20:00:00,85.8,16.8,9.9,0.1,1003.7
2023-01-14 21:00:00,78.2,41.5,7.8,0.0,1021.7
2023-01-14 22:00:00,94.8,62.9,12.7,0.1,1020.5
2023-01-14 23:00:00,83.5,34.3,14.1,0.0,1029.0
2023-01-15 00:00:00,76.7,56.5,0.1,0.0,995.0
2023-01-15 01:00:00,81.8,65.7,3.3,0.0,978.3
2023-01-15 02:00:00,89.1,74.9,14.3,0.0,1025.9
2023-01-15 03:00:00,79.4,26.4,13.3,0.0,1000.6
2023-01-15 04:00:00,76.8,38.0,19.3,0.5,982.7
2023-01-15 05:00:00,87.4,20.7,15.2,0.0,1015.2
2023-01-15 06:00:00,87.4,79.5,19.0,0.0,1024.9
2023-01-15 07:00:00,79.9,74.9,14.1,0.0,1011.2
2023-01-15 08:00:00,80.3,47.8,6.0,0.0,1006.1
2023-01-15 09:00:00,87.3,68.9,2.1,0.5,1010.6
2023-01-15 10:00:00,70.5,46.5,15.6,0.0,1007.4
2023-01-15 11:00:00,70.9,53.7,12.9,0.0,992.8
2023-01-15 12:00:00,77.8,16.2,1.0,0.1,1002.3
2023-01-15 13:00:00,82.9,62.9,7.2,0.0,1020.8
2023-01-15 14:00:00,88.1,18.9,19.1,0.0,1017.8
2023-01-15 15:00:00,99.8,67.8,10.0,0.0,1015.5
2023-01-15 16:00:00,93.6,64.7,8.7,0.0,998.1
2023-01-15 17:00:00,83.4,59.6,9.2,2.0,1010.3
2023-01-15 18:00:00,84.8,12.5,4.2,0.1,980.3
2023-01-15 19:00:00,75.0,31.2,7.4,0.0,1015.7
2023-01-15 20:00:00,84.8,28.4,7.4,0.3,1034.4
2023-01-15 21:00:00,82.1,35.2,1.0,0.0,990.9
2023-01-15 22:00:00,88.2,16.1,15.4,0.0,1004.2
2023-01-15 23:00:00,76.7,75.6,8.3,0.0,1017.9
2023-01-16 00:00:00,90.2,48.8,16.4,0.0,1031.8
2023-01-16 01:00:00,100.3,31.4,17.0,0.0,1006.3
2023-01-16 02:00:00,83.9,37.8,4.2,0.0,1002.6
2023-01-16 03:00:00,89.0,41.3,13.1,0.5,983.5
2023-01-16 04:00:00,91.9,52.0,9.4,0.0,1014.6
2023-01-16 05:00:00,81.0,46.1,17.6,0.0,1043.6
2023-01-16 06:00:00,87.2,74.4,4.3,0.0,1017.2
2023-01-16 07:00:00,85.1,44.8,13.6,0.0,1012.7
2023-01-16 08:00:00,86.0,79.5,12.2,0.0,1017.8
2023-01-16 09:00:00,77.3,69.6,5.9,0.0,1012.8
2023-01-16 10:00:00,85.2,24.6,2.7,0.3,1000.8
2023-01-16 11:00:00,90.0,75.1,13.0,0.0,1025.3
2023-01-16 12:00:00,99.5,18.1,14.8,0.0,1016.4
2023-01-16 13:00:00,94.6,67.2,6.3,0.0,1013.3
2023-01-16 14:00:00,106.5,36.6,12.9,0.0,998.4
2023-01-16 15:00:00,77.3,71.5,7.9,0.0,1032.6
2023-01-16 16:00:00,93.7,70.8,14.3,0.1,1023.0
2023-01-16 17:00:00,86.8,66.4,4.0,0.0,1004.7
2023-01-16 18:00:00,106.9,65.3,17.8,0.0,1028.0
2023-01-16 19:00:00,76.9,31.3,5.7,0.0,1005.5
2023-01-16 20:00:00,76.6,15.7,7.4,0.0,1001.3
2023-01-16 21:00:00,79.0,38.2,1.2,0.0,1001.6
2023-01-16 22:00:00,63.8,22.1,2.2,0.3,986.4
2023-01-16 23:00:00,79.7,58.6,10.3,0.0,1020.1
2023-01-17 00:00:00,77.4,34.2,5.4,0.1,985.5
2023-01-17 01:00:00,86.5,78.3,16.7,0.0,994.6
2023-01-17 02:00:00,88.4,54.9,0.3,0.1,981.9
2023-01-17 03:00:00,103.8,67.6,7.6,0.0,1011.7
2023-01-17 04:00:00,94.5,19.3,6.7,0.0,1010.7
2023-01-17 05:00:00,79.2,70.3,0.4,0.0,1008.1
2023-01-17 06:00:00,76.0,74.6,2.5,0.5,997.4
2023-01-17 07:00:00,89.9,44.1,8.3,0.0,995.4
2023-01-17 08:00:00,71.8,52.4,9.9,0.0,1020.0
2023-01-17 09:00:00,103.3,63.5,8.1,0.0,1004.7
2023-01-17 10:00:00,96.8,22.2,10.6,0.3,1017.7
2023-01-17 11:00:00,80.3,45.2,11.9,0.0,999.7
2023-01-17 12:00:00,67.9,37.9,0.2,0.1,1015.7
2023-01-17 13:00:00,98.5,20.2,9.3,0.0,1032.5
2023-01-17 14:00:00,83.9,35.7,19.3,0.0,1021.8
2023-01-17 15:00:00,97.4,14.8,10.4,0.0,1006.8
2023-01-17 16:00:00,69.1,11.8,13.6,1.0,1016.9
2023-01-17 17:00:00,79.0,19.5,6.2,0.0,1009.4
2023-01-17 18:00:00,85.1,77.4,15.5,0.5,1013.1
2023-01-17 19:00:00,85.5,48.5,15.5,0.0,1008.1
2023-01-17 20:00:00,80.5,77.6,10.4,0.0,1010.5
2023-01-17 21:00:00,91.2,40.3,19.5,0.0,1016.2
2023-01-17 22:00:00,74.3,31.8,2.5,0.0,998.1
2023-01-17 23:00:00,83.6,45.4,0.3,0.3,997.8
2023-01-18 00:00:00,86.2,40.8,15.4,0.5,992.2
2023-01-18 01:00:00,90.1,17.4,16.1,0.5,989.0
2023-01-18 02:00:00,92.1,54.9,2.4,0.1,994.7
2023-01-18 03:00:00,73.8,25.1,5.3,0.0,1015.4
2023-01-18 04:00:00,69.7,53.4,0.4,0.0,999.6
2023-01-18 05:00:00,97.8,55.5,5.9,1.0,1020.7
2023-01-18 06:00:00,88.3,20.6,15.5,0.0,1013.5
2023-01-18 07:00:00,77.5,14.3,10.4,0.1,983.5
2023-01-18 08:00:00,100.5,64.7,7.0,0.1,1022.8
2023-01-18 09:00:00,86.2,42.2,7.4,0.0,1025.2
2023-01-18 10:00:00,96.8,14.1,0.0,2.0,998.1
2023-01-18 11:00:00,85.7,79.6,6.0,0.0,1019.3
2023-01-18 12:00:00,105.6,14.0,12.9,0.0,1000.2
2023-01-18 13:00:00,102.6,58.7,19.5,0.0,1014.5
2023-01-18 14:00:00,82.5,78.9,16.9,0.0,994.0
2023-01-18 15:00:00,94.7,26.7,0.5,0.0,986.1
2023-01-18 16:00:00,91.5,20.0,18.0,0.0,1007.3
2023-01-18 17:00:00,98.7,18.5,15.7,0.3,1011.1
2023-01-18 18:00:00,75.4,31.2,15.6,0.5,1007.0
2023-01-18 19:00:00,91.9,17.1,9.2,0.0,995.2
2023-01-18 20:00:00,95.6,58.5,8.0,0.0,1007.0
2023-01-18 21:00:00,67.4,14.4,6.1,0.5,1017.0
2023-01-18 22:00:00,73.2,45.7,1.3,0.0,1012.3
2023-01-18 23:00:00,64.6,79.8,4.6,0.0,1015.7
2023-01-19 00:00:00,82.3,67.0,4.9,0.0,1002.9
2023-01-19 01:00:00,92.2,53.1,9.7,0.0,1030.6
2023-01-19 02:00:00,100.0,31.4,14.9,0.0,995.4
2023-01-19 03:00:00,85.7,53.7,9.5,1.0,1020.3
2023-01-19 04:00:00,101.3,46.9,1.2,0.0,1030.7
2023-01-19 05:00:00,71.2,39.8,19.2,0.0,1020.2
2023-01-19 06:00:00,68.0,19.1,18.9,0.0,1010.0
2023-01-19 07:00:00,84.4,72.1,15.7,0.0,1005.1
2023-01-19 08:00:00,88.8,41.5,19.8,0.0,1028.5
2023-01-19 09:00:00,84.7,23.6,10.9,0.1,991.7
2023-01-19 10:00:00,64.3,35.7,19.3,0.1,998.4
2023-01-19 11:00:00,84.1,39.0,1.5,0.0,1007.0
2023-01-19 12:00:00,72.0,67.9,7.3,0.5,1031.6
2023-01-19 13:00:00,91.7,61.4,4.5,0.3,1018.7
2023-01-19 14:00:00,88.7,63.9,3.9,0.1,998.5
2023-01-19 15:00:00,75.6,10.8,2.8,0.0,1008.3
2023-01-19 16:00:00,79.9,39.1,12.4,0.0,1003.8
2023-01-19 17:00:00,74.4,43.7,15.6,0.0,1002.4
2023-01-19 18:00:00,84.4,11.3,11.6,0.0,1027.7
2023-01-19 19:00:00,94.6,28.2,2.9,0.0,992.4
2023-01-19 20:00:00,75.1,63.2,16.2,0.0,1037.1
2023-01-19 21:00:00,90.0,19.6,12.7,0.5,1025.4
2023-01-19 22:00:00,79.7,47.5,7.8,0.5,1029.4
2023-01-19 23:00:00,77.1,25.1,13.5,0.5,1006.1
2023-01-20 00:00:00,83.9,10.8,5.2,0.0,1010.8
2023-01-20 01:00:00,74.6,26.9,6.9,0.0,991.5
2023-01-20 02:00:00,79.5,78.3,18.3,0.0,1005.1
2023-01-20 03:00:00,73.0,66.1,5.8,0.0,1020.4
2023-01-20 04:00:00,104.6,77.2,9.4,0.0,1032.4
2023-01-20 05:00:00,85.4,44.1,17.8,0.0,996.4
2023-01-20 06:00:00,78.0,17.7,14.2,0.0,1007.5
2023-01-20 07:00:00,87.1,48.4,1.2,0.3,1010.7
2023-01-20 08:00:00,83.9,41.8,2.9,0.0,992.1
2023-01-20 09:00:00,82.8,69.1,0.2,0.1,1021.9
2023-01-20 10:00:00,91.1,16.9,12.6,0.0,1002.1
2023-01-20 11:00:00,92.6,44.2,9.0,0.0,1010.1
2023-01-20 12:00:00,79.7,20.5,2.7,0.0,1006.2
2023-01-20 13:00:00,79.2,32.7,19.2,0.0,1001.2
2023-01-20 14:00:00,82.2,61.6,10.6,0.0,1012.9
2023-01-20 15:00:00,62.0,43.3,4.8,0.0,1009.8
2023-01-20 16:00:00,69.8,36.3,10.0,0.0,1007.4
2023-01-20 17:00:00,98.7,37.6,13.6,0.0,1002.1
2023-01-20 18:00:00,101.4,42.2,1.5,0.0,1017.8
2023-01-20 19:00:00,82.5,65.0,5.5,0.5,1037.8
2023-01-20 20:00:00,90.8,72.4,16.1,0.0,1015.1
2023-01-20 21:00:00,88.1,76.9,9.2,0.1,1027.9
2023-01-20 22:00:00,115.8,65.1,10.9,0.0,992.1
2023-01-20 23:00:00,96.2,32.1,8.7,0.5,1015.4
2023-01-21 00:00:00,83.7,58.2,0.9,0.3,996.5
2023-01-21 01:00:00,75.4,40.6,3.3,0.0,990.8
2023-01-21 02:00:00,68.9,27.8,8.9,0.0,1001.9
2023-01-21 03:00:00,87.0,68.9,4.2,0.5,1030.9
2023-01-21 04:00:00,77.4,12.7,1.0,0.0,1027.3
2023-01-21 05:00:00,70.8,73.1,16.9,0.0,1016.6
2023-01-21 06:00:00,78.5,42.3,19.6,0.0,990.0
2023-01-21 07:00:00,74.2,54.6,15.9,0.3,1010.1
2023-01-21 08:00:00,101.9,56.2,17.1,0.3,1017.5
2023-01-21 09:00:00,93.8,72.7,4.8,0.0,1015.6
2023-01-21 10:00:00,84.9,54.6,19.2,0.0,985.3
2023-01-21 11:00:00,99.8,53.0,3.9,0.0,999.6
2023-01-21 12:00:00,85.8,14.7,19.0,0.0,1012.0
2023-01-21 13:00:00,76.4,46.3,19.9,2.0,1021.0
2023-01-21 14:00:00,100.2,20.5,14.2,0.0,980.1
2023-01-21 15:00:00,90.4,61.6,19.6,0.0,1010.6
2023-01-21 16:00:00,74.6,45.9,11.4,0.0,1015.1
2023-01-21 17:00:00,83.1,57.6,5.2,0.1,1025.7
2023-01-21 18:00:00,76.2,12.9,8.7,0.0,1023.4
2023-01-21 19:00:00,71.2,15.9,11.9,0.0,1021.7
2023-01-21 20:00:00,94.3,60.1,1.5,0.0,1001.0
2023-01-21 21:00:00,104.1,15.0,12.4,0.0,984.4
2023-01-21 22:00:00,71.0,15.0,19.6,0.0,1007.1
2023-01-21 23:00:00,90.6,10.8,3.8,0.0,1028.0
2023-01-22 00:00:00,78.5,77.0,15.9,0.0,1033.9
2023-01-22 01:00:00,80.1,61.6,18.2,0.5,1023.7
2023-01-22 02:00:00,79.1,34.7,18.9,0.3,1019.4
2023-01-22 03:00:00,76.4,30.8,19.2,2.0,1018.7
2023-01-22 04:00:00,85.5,34.5,10.4,0.0,1004.7
2023-01-22 05:00:00,76.7,64.2,19.5,1.0,1011.0
2023-01-22 06:00:00,87.7,56.3,15.1,0.0,1038.0
2023-01-22 07:00:00,84.5,23.0,3.2,0.0,998.9
2023-01-22 08:00:00,82.6,22.2,9.5,0.0,1037.2
2023-01-22 09:00:00,75.9,16.9,14.4,0.0,1008.2
2023-01-22 10:00:00,79.2,56.2,4.9,0.0,1032.9
2023-01-22 11:00:00,92.6,63.5,12.8,0.0,991.9
2023-01-22 12:00:00,90.0,28.6,13.3,0.0,1021.8
2023-01-22 13:00:00,75.2,11.5,3.3,0.0,1001.9
2023-01-22 14:00:00,86.0,15.8,11.3,0.0,991.8
2023-01-22 15:00:00,92.5,77.8,15.4,0.0,1016.3
2023-01-22 16:00:00,68.3,30.7,10.0,0.0,1028.1
2023-01-22 17:00:00,90.4,63.8,0.2,0.3,1000.3
2023-01-22 18:00:00,78.4,53.7,0.2,0.3,990.5
2023-01-22 19:00:00,90.7,36.7,7.1,0.0,1011.6
2023-01-22 20:00:00,77.4,24.4,18.5,0.0,1011.7
2023-01-22 21:00:00,67.0,18.5,4.6,0.0,1021.2
2023-01-22 22:00:00,68.7,53.1,12.7,0.3,1027.2
2023-01-22 23:00:00,85.5,64.2,4.4,0.0,1012.1
2023-01-23 00:00:00,87.6,55.1,6.4,0.0,1040.8
2023-01-23 01:00:00,76.0,47.1,17.0,0.0,1016.4
2023-01-23 02:00:00,91.4,12.9,14.6,0.0,1007.8
2023-01-23 03:00:00,68.4,77.8,1.9,0.0,988.8
2023-01-23 04:00:00,84.3,65.9,8.6,0.3,1009.1
2023-01-23 05:00:00,72.9,30.5,0.6,0.0,1008.0
2023-01-23 06:00:00,78.5,78.6,9.6,0.0,1027.4
2023-01-23 07:00:00,85.5,52.1,13.2,0.3,1019.9
2023-01-23 08:00:00,76.4,50.8,2.4,0.3,995.3
2023-01-23 09:00:00,81.2,62.4,5.8,0.0,1015.6
2023-01-23 10:00:00,95.1,66.8,8.0,0.0,1023.1
2023-01-23 11:00:00,79.2,56.0,18.4,0.0,1035.9
2023-01-23 12:00:00,93.4,19.0,19.9,0.5,1026.3
2023-01-23 13:00:00,73.7,33.7,0.9,0.0,1024.4
2023-01-23 14:00:00,90.3,75.0,15.2,0.5,1013.9
2023-01-23 15:00:00,99.4,25.7,7.4,0.0,1018.8
2023-01-23 16:00:00,60.3,36.1,7.8,0.0,1031.7
2023-01-23 17:00:00,77.0,40.2,15.1,0.0,993.0
2023-01-23 18:00:00,90.8,40.8,18.4,0.0,1007.8
2023-01-23 19:00:00,83.0,52.9,19.0,0.0,1001.4
2023-01-23 20:00:00,88.7,76.0,11.5,0.0,1018.7
2023-01-23 21:00:00,79.0,26.8,7.1,0.0,1031.5
2023-01-23 22:00:00,85.9,18.5,15.8,1.0,1004.0
2023-01-23 23:00:00,83.4,23.8,5.0,0.0,977.1
2023-01-24 00:00:00,96.7,72.1,11.3,0.1,1006.8
2023-01-24 01:00:00,87.5,55.2,7.2,0.0,1026.7
2023-01-24 02:00:00,88.4,30.0,13.1,0.0,1021.1
2023-01-24 03:00:00,80.9,67.1,4.8,0.0,1019.4
2023-01-24 04:00:00,80.1,70.3,3.8,0.0,1008.8
2023-01-24 05:00:00,80.7,69.3,18.4,0.5,993.8
2023-01-24 06:00:00,88.9,74.3,2.0,0.0,1020.7
2023-01-24 07:00:00,80.8,27.7,10.1,0.0,1000.5
2023-01-24 08:00:00,87.9,62.9,4.4,0.0,1045.8
2023-01-24 09:00:00,105.8,42.2,0.8,0.0,1021.6
2023-01-24 10:00:00,93.7,68.9,0.7,0.0,1004.3
2023-01-24 11:00:00,81.7,61.0,3.5,0.3,1003.8
2023-01-24 12:00:00,97.0,64.4,17.3,0.3,1011.6
2023-01-24 13:00:00,80.9,55.9,5.6,0.0,1009.4
2023-01-24 14:00:00,64.6,22.4,19.0,0.0,1029.8
2023-01-24 15:00:00,74.9,48.2,11.6,0.0,1015.8
2023-01-24 16:00:00,66.3,78.9,8.7,0.0,1002.0
2023-01-24 17:00:00,81.5,75.6,11.6,0.0,1041.4
2023-01-24 18:00:00,85.2,13.0,10.3,0.0,1013.7
2023-01-24 19:00:00,101.8,21.5,15.2,0.0,1024.5
2023-01-24 20:00:00,88.3,19.2,5.6,0.0,1003.9
2023-01-24 21:00:00,82.8,60.8,7.1,0.0,1018.4
2023-01-24 22:00:00,93.3,67.2,17.9,0.0,1017.7
2023-01-24 23:00:00,62.9,24.9,18.9,0.0,984.7
2023-01-25 00:00:00,87.4,45.4,17.9,0.0,1043.2
2023-01-25 01:00:00,92.7,68.8,8.4,0.3,1032.4
2023-01-25 02:00:00,70.2,61.3,15.6,0.0,1007.0
2023-01-25 03:00:00,96.4,48.0,9.5,0.0,996.5
2023-01-25 04:00:00,88.4,51.3,10.0,0.0,1018.2
2023-01-25 05:00:00,80.8,45.6,4.1,0.3,1014.3
2023-01-25 06:00:00,91.3,30.8,11.8,0.0,1018.3
2023-01-25 07:00:00,107.7,49.6,3.7,0.0,1015.9
2023-01-25 08:00:00,86.8,58.2,6.6,0.0,1020.6
2023-01-25 09:00:00,87.5,71.1,17.1,0.1,1034.7
2023-01-25 10:00:00,80.4,54.5,4.1,1.0,1021.5
2023-01-25 11:00:00,76.5,63.3,1.4,0.0,997.3
2023-01-25 12:00:00,93.3,21.2,1.4,0.5,1033.4
2023-01-25 13:00:00,76.4,42.3,18.8,0.5,1037.6
2023-01-25 14:00:00,85.7,10.7,10.1,0.5,1060.3
2023-01-25 15:00:00,80.2,27.3,8.2,0.0,996.1
2023-01-25 16:00:00,89.8,60.9,16.2,0.0,1016.6
2023-01-25 17:00:00,88.3,79.4,16.7,0.0,981.8
2023-01-25 18:00:00,95.4,16.9,6.6,0.1,1021.3
2023-01-25 19:00:00,79.9,38.1,13.9,0.0,1004.8
2023-01-25 20:00:00,82.3,66.0,15.4,0.0,1041.9
2023-01-25 21:00:00,75.2,24.3,13.1,0.0,1001.4
2023-01-25 22:00:00,80.6,48.9,3.0,0.1,987.7
2023-01-25 23:00:00,88.8,61.3,17.5,0.3,1005.9
2023-01-26 00:00:00,92.6,53.1,10.8,0.0,983.4
2023-01-26 01:00:00,75.8,23.2,5.6,0.3,1024.3
2023-01-26 02:00:00,93.7,34.9,8.5,0.0,982.0
2023-01-26 03:00:00,98.6,64.9,0.8,0.3,1013.4
2023-01-26 04:00:00,89.1,48.8,2.6,0.0,981.8
2023-01-26 05:00:00,103.8,10.4,15.3,0.0,1008.2
2023-01-26 06:00:00,77.3,63.3,0.0,0.5,1037.7
2023-01-26 07:00:00,72.6,12.5,8.3,0.0,1018.4
2023-01-26 08:00:00,67.2,62.2,10.5,0.3,1000.0
2023-01-26 09:00:00,100.0,24.2,1.1,0.0,1012.5
2023-01-26 10:00:00,91.5,77.1,19.5,0.0,1013.3
2023-01-26 11:00:00,84.4,35.8,4.5,0.0,1020.1
2023-01-26 12:00:00,87.8,32.9,6.1,0.0,992.5
2023-01-26 13:00:00,73.7,20.4,6.1,0.0,1021.9
2023-01-26 14:00:00,109.5,31.4,4.6,0.0,972.4
2023-01-26 15:00:00,86.3,71.4,0.0,0.0,1003.6
2023-01-26 16:00:00,86.1,79.7,14.6,0.0,1005.7
2023-01-26 17:00:00,92.3,35.8,19.3,1.0,1022.5
2023-01-26 18:00:00,89.8,41.4,4.5,1.0,1013.3
2023-01-26 19:00:00,87.2,60.5,13.3,0.0,991.9
2023-01-26 20:00:00,77.1,72.0,14.8,0.1,998.2
2023-01-26 21:00:00,89.7,51.5,17.0,0.0,1016.0
2023-01-26 22:00:00,103.8,37.4,8.5,0.0,1011.8
2023-01-26 23:00:00,98.5,38.9,6.1,0.3,1004.3
2023-01-27 00:00:00,100.9,58.7,6.5,0.5,1005.8
2023-01-27 01:00:00,79.9,10.2,14.3,0.0,1023.4
2023-01-27 02:00:00,75.1,53.4,16.3,0.1,1005.2
2023-01-27 03:00:00,83.7,34.9,3.6,0.0,1011.7
2023-01-27 04:00:00,85.6,65.6,7.4,2.0,1045.5
2023-01-27 05:00:00,95.9,16.5,18.0,0.0,991.6
2023-01-27 06:00:00,68.1,51.2,16.1,0.0,985.2
2023-01-27 07:00:00,100.3,43.7,19.7,0.0,1024.8
2023-01-27 08:00:00,83.4,55.0,15.1,0.0,1002.8
2023-01-27 09:00:00,80.7,14.5,7.9,0.0,1008.2
2023-01-27 10:00:00,74.9,50.6,11.8,0.5,1001.3
2023-01-27 11:00:00,68.5,49.3,13.2,0.0,1009.1
2023-01-27 12:00:00,93.2,49.2,1.6,0.0,1037.0
2023-01-27 13:00:00,85.7,52.2,10.9,0.0,1025.0
2023-01-27 14:00:00,72.1,57.4,14.2,0.0,1025.9
2023-01-27 15:00:00,72.0,66.3,3.3,0.0,991.8
2023-01-27 16:00:00,81.6,28.9,15.6,0.0,995.7
2023-01-27 17:00:00,101.7,67.8,11.7,0.0,970.4
2023-01-27 18:00:00,82.4,44.9,19.0,0.0,1000.9
2023-01-27 19:00:00,70.0,15.4,0.8,0.0,1027.4
2023-01-27 20:00:00,82.5,14.1,5.3,0.1,1020.8
2023-01-27 21:00:00,82.3,33.4,12.0,0.5,1009.7
2023-01-27 22:00:00,58.0,64.9,5.9,0.0,1012.7
2023-01-27 23:00:00,84.5,59.5,14.3,0.0,1002.7
2023-01-28 00:00:00,82.7,65.2,15.2,0.0,1016.1
2023-01-28 01:00:00,92.0,46.2,2.1,0.0,1024.5
2023-01-28 02:00:00,103.5,40.8,10.3,0.0,988.8
2023-01-28 03:00:00,96.3,20.3,10.2,0.0,1017.5
2023-01-28 04:00:00,82.3,33.0,7.4,0.0,1027.0
2023-01-28 05:00:00,73.9,40.4,18.7,0.0,1006.8
2023-01-28 06:00:00,110.7,16.2,16.6,0.0,1023.5
2023-01-28 07:00:00,85.6,25.4,13.9,0.3,1055.2
2023-01-28 08:00:00,85.1,51.9,14.3,1.0,1011.4
2023-01-28 09:00:00,84.8,61.5,9.2,0.0,1018.9
2023-01-28 10:00:00,87.0,79.9,18.4,0.0,1001.9
2023-01-28 11:00:00,83.6,75.3,13.9,0.3,1015.7
2023-01-28 12:00:00,79.3,55.0,14.6,0.5,1019.9
2023-01-28 13:00:00,79.5,39.5,17.2,0.0,1015.9
2023-01-28 14:00:00,84.7,54.5,5.5,0.0,997.7
2023-01-28 15:00:00,79.6,65.0,16.1,0.0,1016.1
2023-01-28 16:00:00,77.9,18.3,3.9,0.0,1034.9
2023-01-28 17:00:00,86.1,38.7,6.9,0.0,1019.7
2023-01-28 18:00:00,82.5,68.8,6.7,0.0,1027.4
2023-01-28 19:00:00,100.0,36.9,19.6,0.0,1009.4
2023-01-28 20:00:00,58.5,50.0,17.1,0.0,1024.2
2023-01-28 21:00:00,95.9,51.1,14.0,0.1,1017.2
2023-01-28 22:00:00,97.5,22.9,14.5,0.0,998.7
2023-01-28 23:00:00,64.3,35.4,11.2,0.0,1017.8
2023-01-29 00:00:00,81.6,33.4,18.9,0.0,998.1
2023-01-29 01:00:00,81.3,11.8,9.9,0.0,1003.5
2023-01-29 02:00:00,70.9,11.7,7.6,1.0,1015.8
2023-01-29 03:00:00,77.2,68.2,3.3,0.0,1017.5
2023-01-29 04:00:00,73.9,29.1,15.7,0.0,995.2
2023-01-29 05:00:00,102.5,46.3,14.7,0.1,1028.8
2023-01-29 06:00:00,94.4,30.9,7.7,0.0,1021.6
2023-01-29 07:00:00,97.7,75.8,0.5,0.5,1002.4
2023-01-29 08:00:00,92.2,28.2,16.8,0.0,989.9
2023-01-29 09:00:00,73.7,40.1,0.2,0.0,1010.8
2023-01-29 10:00:00,79.8,71.1,14.1,0.0,1006.3
2023-01-29 11:00:00,89.9,68.9,19.4,0.0,1014.7
2023-01-29 12:00:00,72.8,23.0,8.8,0.3,1007.6
2023-01-29 13:00:00,92.1,66.2,4.7,0.3,982.9
2023-01-29 14:00:00,82.6,42.1,14.1,0.0,1007.2
2023-01-29 15:00:00,81.3,43.8,16.3,0.0,1008.4
2023-01-29 16:00:00,92.1,19.3,10.9,0.3,1022.5
2023-01-29 17:00:00,89.4,15.6,19.3,0.5,1002.5
2023-01-29 18:00:00,81.4,61.0,1.0,0.0,1038.2
2023-01-29 19:00:00,96.6,44.8,10.1,0.0,984.3
2023-01-29 20:00:00,74.2,40.6,14.4,0.0,1032.7
2023-01-29 21:00:00,91.2,61.1,17.3,0.3,1009.6
2023-01-29 22:00:00,90.9,63.6,3.6,0.0,1025.9
2023-01-29 23:00:00,81.9,21.1,16.0,0.0,1014.2
2023-01-30 00:00:00,88.3,52.7,11.1,0.1,1030.1
2023-01-30 01:00:00,72.5,19.5,7.9,0.0,1007.2
2023-01-30 02:00:00,94.2,62.6,2.6,0.0,996.5
2023-01-30 03:00:00,83.2,56.0,17.3,0.0,1034.3
2023-01-30 04:00:00,79.8,77.0,3.1,0.0,1011.3
2023-01-30 05:00:00,95.5,14.8,6.2,0.0,1016.3
2023-01-30 06:00:00,78.0,14.0,5.8,0.0,1031.5
2023-01-30 07:00:00,70.9,29.8,17.4,0.0,997.5
2023-01-30 08:00:00,69.4,28.3,13.5,0.0,1021.9
2023-01-30 09:00:00,91.1,27.3,15.9,0.3,1004.2
2023-01-30 10:00:00,72.2,73.4,5.0,0.1,1011.0
2023-01-30 11:00:00,102.5,27.5,12.5,0.0,1014.1
2023-01-30 12:00:00,64.2,29.0,11.4,0.0,990.5
2023-01-30 13:00:00,102.0,63.2,16.7,0.0,1001.3
2023-01-30 14:00:00,87.1,41.5,18.1,0.0,1033.3
2023-01-30 15:00:00,84.0,64.4,0.2,0.0,1026.3
2023-01-30 16:00:00,79.6,14.6,13.5,0.0,1012.1
2023-01-30 17:00:00,89.0,44.1,1.0,0.0,1016.6
2023-01-30 18:00:00,84.6,12.4,11.0,0.0,1008.6
2023-01-30 19:00:00,96.0,14.4,5.8,0.0,1033.3
2023-01-30 20:00:00,86.1,73.5,6.1,0.0,1010.0
2023-01-30 21:00:00,86.5,19.7,7.1,0.0,1016.5
2023-01-30 22:00:00,81.4,47.3,12.4,0.0,1030.2
2023-01-30 23:00:00,84.4,38.8,6.7,0.0,1001.3
2023-01-31 00:00:00,88.1,34.3,14.7,0.5,1036.4
2023-01-31 01:00:00,67.9,73.0,8.1,0.5,990.0
2023-01-31 02:00:00,71.5,11.5,1.4,0.0,1037.4
2023-01-31 03:00:00,92.4,56.5,15.7,0.0,1007.4
2023-01-31 04:00:00,86.7,77.4,5.7,0.0,1009.4
2023-01-31 05:00:00,83.2,49.2,8.7,0.0,984.6
2023-01-31 06:00:00,85.2,75.6,13.7,0.0,1006.2
2023-01-31 07:00:00,88.5,13.7,6.6,0.3,997.4
2023-01-31 08:00:00,79.6,39.3,1.1,0.0,1003.9
2023-01-31 09:00:00,77.2,28.2,7.5,0.3,1010.9
2023-01-31 10:00:00,87.0,61.2,18.9,0.0,1027.4
2023-01-31 11:00:00,75.2,78.7,12.8,0.0,1016.1
2023-01-31 12:00:00,89.1,28.0,13.4,0.1,1017.6
2023-01-31 13:00:00,68.0,55.8,12.6,0.0,996.6
2023-01-31 14:00:00,95.3,23.9,4.0,0.0,999.8
2023-01-31 15:00:00,89.7,49.6,8.4,0.0,1040.0
2023-01-31 16:00:00,87.6,42.5,15.0,0.0,1002.0
2023-01-31 17:00:00,94.8,78.0,2.0,2.0,1037.8
2023-01-31 18:00:00,101.7,52.6,5.6,0.0,1009.4
2023-01-31 19:00:00,95.1,34.5,5.5,2.0,1013.0
2023-01-31 20:00:00,66.6,18.0,8.6,1.0,1029.1
2023-01-31 21:00:00,72.2,20.6,19.6,0.1,1032.1
2023-01-31 22:00:00,78.8,25.8,1.4,0.0,1011.3
2023-01-31 23:00:00,85.3,27.6,10.4,0.0,1007.2
2023-02-01 00:00:00,90.2,69.5,3.6,0.3,1012.2
2023-02-01 01:00:00,77.7,49.3,19.4,0.0,1018.1
2023-02-01 02:00:00,86.9,46.6,2.3,0.0,1026.4
2023-02-01 03:00:00,77.4,18.0,8.1,0.0,1013.1
2023-02-01 04:00:00,78.9,70.2,14.8,0.0,1022.3
2023-02-01 05:00:00,70.9,60.6,14.1,0.0,1037.6
2023-02-01 06:00:00,75.8,14.7,8.5,0.0,1018.7
2023-02-01 07:00:00,71.5,59.5,6.9,0.0,1017.7
2023-02-01 08:00:00,75.2,48.0,8.0,0.3,990.2
2023-02-01 09:00:00,95.5,15.7,5.3,0.0,973.5
2023-02-01 10:00:00,75.5,42.1,4.1,0.5,1018.8
2023-02-01 11:00:00,111.3,43.9,9.7,0.0,1011.6
2023-02-01 12:00:00,89.9,21.6,5.4,0.3,1005.3
2023-02-01 13:00:00,86.8,76.2,5.7,0.0,1016.7
2023-02-01 14:00:00,76.4,69.5,13.1,0.1,1012.1
2023-02-01 15:00:00,92.0,56.8,19.4,0.0,1029.9
2023-02-01 16:00:00,79.2,42.4,12.1,0.3,1014.3
2023-02-01 17:00:00,86.2,38.8,1.5,0.0,1001.8
2023-02-01 18:00:00,110.6,55.6,1.5,0.5,1027.9
2023-02-01 19:00:00,84.0,48.2,19.0,2.0,1009.7
2023-02-01 20:00:00,96.5,14.4,5.9,0.0,1020.9
2023-02-01 21:00:00,78.0,45.9,1.8,0.0,1005.8
2023-02-01 22:00:00,84.7,66.4,12.0,0.1,1003.3
2023-02-01 23:00:00,102.7,42.1,12.5,0.0,1014.3
2023-02-02 00:00:00,78.7,13.6,13.0,0.3,1013.2
2023-02-02 01:00:00,103.1,65.0,5.3,0.0,1020.2
2023-02-02 02:00:00,92.1,24.1,0.3,0.0,1009.0
2023-02-02 03:00:00,79.4,28.1,19.3,1.0,985.5
2023-02-02 04:00:00,91.3,21.5,5.0,0.0,1006.5
2023-02-02 05:00:00,94.7,33.1,13.5,0.3,1024.9
2023-02-02 06:00:00,91.2,63.0,14.1,0.0,1008.5
2023-02-02 07:00:00,69.3,46.4,12.2,0.0,1009.3
2023-02-02 08:00:00,77.7,24.3,6.3,0.0,1027.8
2023-02-02 09:00:00,82.5,71.4,5.4,0.0,1002.3
2023-02-02 10:00:00,84.3,71.6,12.0,0.0,989.9
2023-02-02 11:00:00,91.2,70.9,17.3,0.0,1010.6
2023-02-02 12:00:00,86.8,26.7,18.9,0.0,1005.7
2023-02-02 13:00:00,71.6,41.6,2.1,0.0,998.5
2023-02-02 14:00:00,88.8,78.9,3.1,0.1,1010.4
2023-02-02 15:00:00,91.1,64.0,18.9,0.0,1020.4
2023-02-02 16:00:00,90.6,11.9,14.7,0.0,1012.9
2023-02-02 17:00:00,95.8,14.6,17.7,0.0,1017.6
2023-02-02 18:00:00,93.3,42.5,4.1,0.0,1040.2
2023-02-02 19:00:00,89.6,73.6,11.8,0.1,1007.9
2023-02-02 20:00:00,84.3,47.7,14.0,0.0,1017.2
2023-02-02 21:00:00,68.4,44.8,13.6,0.0,1005.4
2023-02-02 22:00:00,89.3,17.4,8.2,0.0,1000.3
2023-02-02 23:00:00,87.1,56.0,0.3,0.0,1004.2
2023-02-03 00:00:00,87.7,67.5,11.7,0.3,1005.8
2023-02-03 01:00:00,72.2,36.6,5.1,0.0,1018.4
2023-02-03 02:00:00,74.2,64.3,9.0,0.1,1048.2
2023-02-03 03:00:00,95.5,77.5,19.2,0.0,1002.3
2023-02-03 04:00:00,84.6,24.3,8.0,0.0,1006.8
2023-02-03 05:00:00,91.8,46.6,16.8,0.5,1012.1
2023-02-03 06:00:00,85.3,30.1,3.8,0.0,1018.9
2023-02-03 07:00:00,85.3,65.5,13.4,0.0,1017.0
2023-02-03 08:00:00,94.4,50.4,19.5,0.0,1032.3
2023-02-03 09:00:00,79.8,54.4,2.0,0.0,976.6
2023-02-03 10:00:00,86.0,65.9,0.2,0.0,977.2
2023-02-03 11:00:00,80.4,37.7,8.7,0.0,1005.6
2023-02-03 12:00:00,80.7,74.1,1.9,0.0,1029.5
2023-02-03 13:00:00,81.9,47.3,15.0,0.0,989.5
2023-02-03 14:00:00,87.2,21.1,18.3,0.0,967.9
2023-02-03 15:00:00,80.2,58.7,8.7,0.0,1021.6
2023-02-03 16:00:00,97.6,65.5,5.2,0.0,1016.7
2023-02-03 17:00:00,76.1,32.2,8.7,0.0,996.6
2023-02-03 18:00:00,83.1,70.0,14.5,1.0,998.2
2023-02-03 19:00:00,80.6,73.4,0.2,0.0,998.5
2023-02-03 20:00:00,99.5,29.4,11.8,0.5,1014.7
2023-02-03 21:00:00,87.0,78.8,12.3,0.0,1003.6
2023-02-03 22:00:00,95.3,19.8,12.8,0.0,1020.4
2023-02-03 23:00:00,70.1,24.1,4.8,0.0,970.2
2023-02-04 00:00:00,87.7,22.9,14.3,0.0,1000.1
2023-02-04 01:00:00,93.9,72.6,1.8,0.0,996.1
2023-02-04 02:00:00,85.8,55.8,4.0,0.0,1009.2
2023-02-04 03:00:00,95.7,20.6,17.5,0.0,1004.9
2023-02-04 04:00:00,79.8,40.8,14.8,0.5,1025.0
2023-02-04 05:00:00,99.1,53.1,0.3,0.0,985.1
2023-02-04 06:00:00,108.0,15.8,5.0,0.0,1013.7
2023-02-04 07:00:00,81.4,71.8,4.3,0.1,1021.4
2023-02-04 08:00:00,80.5,66.3,5.4,0.0,1040.8
2023-02-04 09:00:00,99.5,45.4,5.0,0.0,1005.8
2023-02-04 10:00:00,100.8,77.7,1.3,0.0,1017.9
2023-02-04 11:00:00,79.8,39.2,9.2,0.5,985.9
2023-02-04 12:00:00,80.8,78.9,14.7,0.1,977.1
2023-02-04 13:00:00,82.2,56.8,12.1,0.0,1025.7
2023-02-04 14:00:00,71.6,54.4,13.5,0.0,1012.9
2023-02-04 15:00:00,75.8,21.6,1.6,0.5,1030.7
2023-02-04 16:00:00,75.0,71.7,19.0,0.0,992.4
2023-02-04 17:00:00,77.3,39.9,16.8,0.0,1020.8
2023-02-04 18:00:00,84.7,21.4,16.1,0.0,1041.0
2023-02-04 19:00:00,87.3,10.9,16.5,0.0,1019.3
2023-02-04 20:00:00,100.5,49.2,18.7,0.0,1017.1
2023-02-04 21:00:00,75.0,46.9,10.9,0.0,1013.1
2023-02-04 22:00:00,94.8,60.4,4.0,0.0,989.4
2023-02-04 23:00:00,82.9,72.3,12.3,0.0,1033.3
2023-02-05 00:00:00,84.5,15.6,14.9,0.1,1003.8
2023-02-05 01:00:00,91.7,61.2,14.8,0.0,1020.6
2023-02-05 02:00:00,73.8,23.1,10.4,0.0,989.6
2023-02-05 03:00:00,88.8,70.1,1.4,0.0,995.3
2023-02-05 04:00:00,86.7,67.3,7.4,0.0,1034.5
2023-02-05 05:00:00,89.9,47.9,18.4,0.0,1007.8
2023-02-05 06:00:00,87.9,59.7,11.7,0.0,1034.8
2023-02-05 07:00:00,109.6,32.0,10.8,0.3,1011.8
2023-02-05 08:00:00,78.6,43.0,5.4,0.5,985.4
2023-02-05 09:00:00,79.7,67.5,7.4,0.0,1026.4
2023-02-05 10:00:00,78.8,42.1,17.9,0.0,1004.2
2023-02-05 11:00:00,79.4,35.0,13.3,0.0,1023.5
2023-02-05 12:00:00,78.6,44.6,15.7,0.1,1013.4
2023-02-05 13:00:00,96.9,68.0,9.1,0.1,989.9
2023-02-05 14:00:00,99.2,33.5,12.6,0.0,1015.5
2023-02-05 15:00:00,79.3,22.2,5.0,0.0,1045.9
2023-02-05 16:00:00,76.7,59.8,14.1,0.1,1020.4
2023-02-05 17:00:00,89.7,67.8,8.6,0.0,1012.1
2023-02-05 18:00:00,79.5,17.0,8.9,0.0,1029.1
2023-02-05 19:00:00,91.3,26.8,13.0,0.0,1016.2
2023-02-05 20:00:00,87.0,19.9,18.7,0.0,1016.1
2023-02-05 21:00:00,69.8,34.4,1.3,0.3,996.6
2023-02-05 22:00:00,100.5,41.5,16.5,1.0,1016.5
2023-02-05 23:00:00,103.0,62.4,5.8,0.0,1028.5
2023-02-06 00:00:00,78.9,55.6,8.9,0.0,1000.5
2023-02-06 01:00:00,81.1,53.5,0.4,0.0,1034.4
2023-02-06 02:00:00,87.9,34.7,6.0,0.0,1011.6
2023-02-06 03:00:00,88.3,68.9,10.1,0.0,999.7
2023-02-06 04:00:00,91.6,43.0,1.1,0.0,1028.0
2023-02-06 05:00:00,105.1,78.5,9.8,0.0,1008.7
2023-02-06 06:00:00,83.2,54.4,18.5,0.0,1024.4
2023-02-06 07:00:00,77.0,18.8,2.1,0.0,1008.6
2023-02-06 08:00:00,71.2,57.3,15.3,0.0,1012.1
2023-02-06 09:00:00,77.7,32.8,8.2,0.0,1020.4
2023-02-06 10:00:00,84.7,58.0,13.1,0.0,1017.4
2023-02-06 11:00:00,102.9,14.9,5.2,2.0,983.1
2023-02-06 12:00:00,79.8,22.2,3.2,0.0,996.2
2023-02-06 13:00:00,87.2,69.9,3.2,0.0,1026.9
2023-02-06 14:00:00,84.8,25.9,1.4,0.3,1011.0
2023-02-06 15:00:00,96.9,68.6,3.7,2.0,1005.1
2023-02-06 16:00:00,110.3,29.5,13.3,0.0,992.6
2023-02-06 17:00:00,79.7,55.0,17.6,0.3,996.8
2023-02-06 18:00:00,80.1,58.6,16.3,0.0,982.7
2023-02-06 19:00:00,95.4,45.9,13.7,0.0,1011.5
2023-02-06 20:00:00,91.8,31.4,2.2,0.0,1004.0
2023-02-06 21:00:00,103.5,24.9,5.8,0.0,998.5
2023-02-06 22:00:00,90.8,12.3,6.2,0.0,1012.0
2023-02-06 23:00:00,81.4,31.3,5.0,0.0,1018.5
2023-02-07 00:00:00,90.9,55.7,10.3,0.0,1044.4
2023-02-07 01:00:00,96.1,75.7,10.7,0.0,990.3
2023-02-07 02:00:00,93.2,71.0,7.1,0.0,1030.4
2023-02-07 03:00:00,90.1,63.6,7.1,0.0,1027.6
2023-02-07 04:00:00,95.7,65.2,16.6,0.0,1001.3
2023-02-07 05:00:00,96.7,56.5,15.8,0.1,1016.0
2023-02-07 06:00:00,98.8,28.2,6.2,0.1,1006.1
2023-02-07 07:00:00,91.5,73.5,18.3,0.3,1015.8
2023-02-07 08:00:00,83.3,57.0,19.1,0.0,1035.6
2023-02-07 09:00:00,86.5,49.2,6.5,0.1,1022.1
2023-02-07 10:00:00,97.1,17.8,7.1,0.0,1020.6
2023-02-07 11:00:00,76.8,41.3,10.1,0.0,1006.5
2023-02-07 12:00:00,88.7,42.2,18.8,0.0,990.7
2023-02-07 13:00:00,81.1,70.5,17.5,0.0,1009.9
2023-02-07 14:00:00,85.3,48.3,2.1,0.0,1031.1
2023-02-07 15:00:00,97.8,36.6,7.9,0.0,990.1
2023-02-07 16:00:00,86.9,78.4,11.1,0.3,997.2
2023-02-07 17:00:00,85.5,17.8,10.1,0.0,1014.9
2023-02-07 18:00:00,71.4,39.6,3.9,0.0,998.2
2023-02-07 19:00:00,92.5,12.9,17.2,1.0,1001.1
2023-02-07 20:00:00,91.5,61.8,13.5,0.0,1006.6
2023-02-07 21:00:00,106.6,74.3,16.8,0.0,992.5
2023-02-07 22:00:00,81.9,29.6,17.2,0.0,998.4
2023-02-07 23:00:00,87.2,70.1,15.0,0.0,1023.6
2023-02-08 00:00:00,87.5,30.5,8.8,0.0,993.4
2023-02-08 01:00:00,100.8,73.8,12.2,0.0,989.0
2023-02-08 02:00:00,84.0,62.8,3.2,0.0,1003.5
2023-02-08 03:00:00,87.8,66.3,13.5,0.0,1024.0
2023-02-08 04:00:00,91.1,11.3,3.6,0.0,1010.0
2023-02-08 05:00:00,86.9,77.4,13.9,0.0,1006.0
2023-02-08 06:00:00,80.5,60.9,4.6,0.0,1013.7
2023-02-08 07:00:00,86.9,31.3,2.4,0.3,986.8
2023-02-08 08:00:00,95.7,68.1,3.3,0.0,1020.4
2023-02-08 09:00:00,74.7,29.7,0.0,0.0,1018.8
2023-02-08 10:00:00,86.3,71.1,14.4,0.0,1006.9
2023-02-08 11:00:00,78.0,17.9,14.6,0.0,1028.1
2023-02-08 12:00:00,97.0,59.3,10.3,0.0,996.1
2023-02-08 13:00:00,69.8,47.8,3.2,0.0,1029.9
2023-02-08 14:00:00,79.4,16.8,1.7,0.5,1015.3
2023-02-08 15:00:00,88.8,26.9,0.4,0.3,1008.0
2023-02-08 16:00:00,100.7,10.9,3.3,0.0,1012.7
2023-02-08 17:00:00,84.3,42.8,17.8,0.1,1011.4
2023-02-08 18:00:00,79.4,31.1,4.8,0.0,1031.3
2023-02-08 19:00:00,103.8,51.9,7.1,0.0,996.8
2023-02-08 20:00:00,70.5,30.8,2.1,0.0,1001.6
2023-02-08 21:00:00,63.0,31.0,4.4,0.0,1028.5
2023-02-08 22:00:00,89.4,62.0,10.4,0.1,1004.1
2023-02-08 23:00:00,80.0,13.4,12.2,0.0,1026.5
2023-02-09 00:00:00,74.8,73.2,4.9,0.0,1038.5
2023-02-09 01:00:00,92.1,69.7,1.2,0.5,1007.0
2023-02-09 02:00:00,87.4,56.7,7.8,0.0,1023.2
2023-02-09 03:00:00,79.4,51.5,4.7,0.0,995.7
2023-02-09 04:00:00,72.2,72.5,4.4,0.0,1024.3
2023-02-09 05:00:00,93.7,23.0,19.2,0.1,1016.0
2023-02-09 06:00:00,91.5,15.5,12.3,0.1,1020.1
2023-02-09 07:00:00,84.0,26.8,11.1,0.0,1003.3
2023-02-09 08:00:00,103.5,65.6,8.3,0.0,988.1
2023-02-09 09:00:00,74.3,12.4,8.6,0.0,1020.5
2023-02-09 10:00:00,69.7,50.8,10.8,0.1,982.0
2023-02-09 11:00:00,78.1,79.7,13.9,0.0,1008.2
2023-02-09 12:00:00,84.5,69.9,14.0,0.0,1027.1
2023-02-09 13:00:00,87.4,46.5,3.4,0.5,1015.9
2023-02-09 14:00:00,82.6,14.5,10.0,0.0,1042.2
2023-02-09 15:00:00,88.5,68.2,8.2,0.0,1028.4
2023-02-09 16:00:00,72.5,51.9,17.4,0.0,1003.2
2023-02-09 17:00:00,99.4,18.0,12.6,1.0,1013.4
2023-02-09 18:00:00,84.2,16.6,10.7,0.0,1012.3
2023-02-09 19:00:00,96.2,73.7,2.3,0.0,989.3
2023-02-09 20:00:00,88.4,56.8,12.1,0.0,998.9
2023-02-09 21:00:00,89.6,68.1,2.3,0.0,1004.6
2023-02-09 22:00:00,90.7,71.5,6.7,0.0,982.5
2023-02-09 23:00:00,89.5,50.0,2.9,0.0,1013.7
2023-02-10 00:00:00,91.4,46.2,13.8,2.0,1009.3
2023-02-10 01:00:00,98.3,40.1,4.1,0.0,987.9
2023-02-10 02:00:00,87.0,32.2,7.8,0.0,1019.1
2023-02-10 03:00:00,92.1,40.4,17.9,0.0,1023.7
2023-02-10 04:00:00,84.1,64.2,4.1,0.0,1016.4
2023-02-10 05:00:00,99.4,52.1,10.2,0.5,1008.1
2023-02-10 06:00:00,78.2,72.5,8.4,0.0,1021.9
2023-02-10 07:00:00,103.0,41.0,0.4,0.0,1023.2
2023-02-10 08:00:00,84.6,52.5,15.9,0.0,1017.6
2023-02-10 09:00:00,70.7,54.2,1.4,0.0,1000.6
2023-02-10 10:00:00,86.3,51.4,9.5,0.0,1017.1
2023-02-10 11:00:00,78.2,59.2,11.2,0.0,1030.9
2023-02-10 12:00:00,93.4,26.6,12.6,0.3,1004.1
2023-02-10 13:00:00,78.5,45.9,13.8,0.5,1044.5
2023-02-10 14:00:00,80.5,17.3,5.1,0.0,1005.1
2023-02-10 15:00:00,66.1,36.9,0.2,1.0,1013.5
2023-02-10 16:00:00,80.5,44.1,14.5,0.0,1002.9
2023-02-10 17:00:00,60.8,55.7,10.7,0.0,1016.3
2023-02-10 18:00:00,69.2,76.5,16.7,0.0,986.9
2023-02-10 19:00:00,92.6,52.0,16.4,0.0,1004.8
2023-02-10 20:00:00,92.9,62.1,16.9,0.0,996.6
2023-02-10 21:00:00,89.3,45.4,9.7,0.0,1015.0
2023-02-10 22:00:00,75.3,54.4,6.7,0.0,1027.9
2023-02-10 23:00:00,84.5,15.0,15.8,0.0,1022.7
2023-02-11 00:00:00,85.0,27.8,9.0,0.0,977.4
2023-02-11 01:00:00,73.4,35.3,3.7,0.1,1043.6
2023-02-11 02:00:00,100.0,43.1,17.1,0.0,1017.4
2023-02-11 03:00:00,93.8,13.2,17.7,0.0,1001.4
2023-02-11 04:00:00,82.8,19.8,9.3,0.0,1015.4
2023-02-11 05:00:00,85.3,29.4,1.5,0.0,1015.6
2023-02-11 06:00:00,87.1,78.0,7.8,0.3,1003.0
2023-02-11 07:00:00,64.6,33.2,16.1,0.0,1016.0
2023-02-11 08:00:00,82.5,43.7,18.0,0.0,1003.9
2023-02-11 09:00:00,78.2,23.7,4.1,0.3,1006.9
2023-02-11 10:00:00,75.0,52.8,1.3,0.0,1002.7
2023-02-11 11:00:00,82.2,29.6,17.5,0.0,991.5
2023-02-11 12:00:00,103.0,24.5,7.8,0.0,1015.2
2023-02-11 13:00:00,91.4,46.2,10.8,0.5,1021.8
2023-02-11 14:00:00,79.3,10.4,19.4,0.0,1020.7
2023-02-11 15:00:00,90.7,10.5,1.3,0.0,1025.3
